Workbook
Name 商品リスト: 商品マスタ!$B$2:$B$201
Name 仕入先リスト: 仕入先マスタ!$B$2:$B$201
Name 得意先リスト: 得意先マスタ!$B$2:$B$201
Name 荷姿リスト: 荷姿マスタ!$B$2:$B$201
Name 商品マスタ範囲: 商品マスタ!$B$2:$G$201
Name 案件入力範囲: 案件入力!$A$2:$P$301
Name 管理番号リスト: 案件入力!$A$2:$A$301

Sheet 使い方
B1: 単価変更管理システム 操作ガイド
B2: 手書き台帳を廃止し、「案件入力」シートへの1回入力だけでカード印刷・履歴管理までを行うための表です。
B3: ■ 全体の流れ（従来運用との対応）
B4: ①「案件入力」シートに1行で入力する（従来の単価変更カード作成＋台帳記入を統合）
B5: ②「仕入変更カード」「得意先変更カード」シートで管理番号を選び、印刷 or PDF保存する（従来のカード様式を再現）
B6: ③ 事務へはこれまで通り印刷したカードを提出する（事務側の運用は変更なし）
B7: ④ 入力内容は自動的に「履歴一覧」に反映され、検索・フィルターができる（台帳は不要）
B8: ■ 初回準備（マスタ登録）
B9: 「仕入先マスタ」「得意先マスタ」「荷姿マスタ」「商品マスタ」の黄色いサンプル行を削除し、自社のデータに置き換えてください。
B10: 「商品マスタ」には、商品ごとの標準仕入先・標準得意先・標準荷姿・現行仕入価格・現行売価を登録します。
B11: ここに登録した内容が「案件入力」シートで商品名を選んだ際に自動反映されます。
B12: ■ 日々の入力手順（案件入力シート）
... B39: マスタや案件入力の行数を大きく増やす場合は、各シートの名前付き範囲（数式タブ→名前の管理）の参照範囲を広げてください。

Sheet 案件入力
A1: 管理番号 | B1: 記入日 | C1: 商品名 | D1: 荷姿 | E1: 仕入先 | F1: 得意先 | G1: 旧仕入値 | H1: 新仕入値 | I1: 仕入適用日 | J1: 旧売価 | K1: 新売価 | L1: 売価適用日 | M1: 備考 | N1: カード印刷済 | O1: 完了 | P1: 担当者
A2: =IF($B2="","",TEXT(YEAR($B2),"0000")&"-"&TEXT(SUMPRODUCT((YEAR($B$2:$B2)=YEAR($B2))*($B$2:$B2<>"")),"000")) | D2: =IFERROR(VLOOKUP($C2,商品マスタ範囲,4,FALSE),"") | E2: =IFERROR(VLOOKUP($C2,商品マスタ範囲,2,FALSE),"") | F2: =IFERROR(VLOOKUP($C2,商品マスタ範囲,3,FALSE),"") | G2: =IFERROR(VLOOKUP($C2,商品マスタ範囲,5,FALSE),"") | J2: =IFERROR(VLOOKUP($C2,商品マスタ範囲,6,FALSE),"")
A3: =IF($B3="","",TEXT(YEAR($B3),"0000")&"-"&TEXT(SUMPRODUCT((YEAR($B$2:$B3)=YEAR($B3))*($B$2:$B3<>"")),"000")) | D3: =IFERROR(VLOOKUP($C3,商品マスタ範囲,4,FALSE),"") | E3: =IFERROR(VLOOKUP($C3,商品マスタ範囲,2,FALSE),"") | F3: =IFERROR(VLOOKUP($C3,商品マスタ範囲,3,FALSE),"") | G3: =IFERROR(VLOOKUP($C3,商品マスタ範囲,5,FALSE),"") | J3: =IFERROR(VLOOKUP($C3,商品マスタ範囲,6,FALSE),"")
A4: =IF($B4="","",TEXT(YEAR($B4),"0000")&"-"&TEXT(SUMPRODUCT((YEAR($B$2:$B4)=YEAR($B4))*($B$2:$B4<>"")),"000")) | D4: =IFERROR(VLOOKUP($C4,商品マスタ範囲,4,FALSE),"") | E4: =IFERROR(VLOOKUP($C4,商品マスタ範囲,2,FALSE),"") | F4: =IFERROR(VLOOKUP($C4,商品マスタ範囲,3,FALSE),"") | G4: =IFERROR(VLOOKUP($C4,商品マスタ範囲,5,FALSE),"") | J4: =IFERROR(VLOOKUP($C4,商品マスタ範囲,6,FALSE),"")
A5: =IF($B5="","",TEXT(YEAR($B5),"0000")&"-"&TEXT(SUMPRODUCT((YEAR($B$2:$B5)=YEAR($B5))*($B$2:$B5<>"")),"000")) | D5: =IFERROR(VLOOKUP($C5,商品マスタ範囲,4,FALSE),"") | E5: =IFERROR(VLOOKUP($C5,商品マスタ範囲,2,FALSE),"") | F5: =IFERROR(VLOOKUP($C5,商品マスタ範囲,3,FALSE),"") | G5: =IFERROR(VLOOKUP($C5,商品マスタ範囲,5,FALSE),"") | J5: =IFERROR(VLOOKUP($C5,商品マスタ範囲,6,FALSE),"")
A6: =IF($B6="","",TEXT(YEAR($B6),"0000")&"-"&TEXT(SUMPRODUCT((YEAR($B$2:$B6)=YEAR($B6))*($B$2:$B6<>"")),"000")) | D6: =IFERROR(VLOOKUP($C6,商品マスタ範囲,4,FALSE),"") | E6: =IFERROR(VLOOKUP($C6,商品マスタ範囲,2,FALSE),"") | F6: =IFERROR(VLOOKUP($C6,商品マスタ範囲,3,FALSE),"") | G6: =IFERROR(VLOOKUP($C6,商品マスタ範囲,5,FALSE),"") | J6: =IFERROR(VLOOKUP($C6,商品マスタ範囲,6,FALSE),"")
A7: =IF($B7="","",TEXT(YEAR($B7),"0000")&"-"&TEXT(SUMPRODUCT((YEAR($B$2:$B7)=YEAR($B7))*($B$2:$B7<>"")),"000")) | D7: =IFERROR(VLOOKUP($C7,商品マスタ範囲,4,FALSE),"") | E7: =IFERROR(VLOOKUP($C7,商品マスタ範囲,2,FALSE),"") | F7: =IFERROR(VLOOKUP($C7,商品マスタ範囲,3,FALSE),"") | G7: =IFERROR(VLOOKUP($C7,商品マスタ範囲,5,FALSE),"") | J7: =IFERROR(VLOOKUP($C7,商品マスタ範囲,6,FALSE),"")
A8: =IF($B8="","",TEXT(YEAR($B8),"0000")&"-"&TEXT(SUMPRODUCT((YEAR($B$2:$B8)=YEAR($B8))*($B$2:$B8<>"")),"000")) | D8: =IFERROR(VLOOKUP($C8,商品マスタ範囲,4,FALSE),"") | E8: =IFERROR(VLOOKUP($C8,商品マスタ範囲,2,FALSE),"") | F8: =IFERROR(VLOOKUP($C8,商品マスタ範囲,3,FALSE),"") | G8: =IFERROR(VLOOKUP($C8,商品マスタ範囲,5,FALSE),"") | J8: =IFERROR(VLOOKUP($C8,商品マスタ範囲,6,FALSE),"")
A9: =IF($B9="","",TEXT(YEAR($B9),"0000")&"-"&TEXT(SUMPRODUCT((YEAR($B$2:$B9)=YEAR($B9))*($B$2:$B9<>"")),"000")) | D9: =IFERROR(VLOOKUP($C9,商品マスタ範囲,4,FALSE),"") | E9: =IFERROR(VLOOKUP($C9,商品マスタ範囲,2,FALSE),"") | F9: =IFERROR(VLOOKUP($C9,商品マスタ範囲,3,FALSE),"") | G9: =IFERROR(VLOOKUP($C9,商品マスタ範囲,5,FALSE),"") | J9: =IFERROR(VLOOKUP($C9,商品マスタ範囲,6,FALSE),"")
A10: =IF($B10="","",TEXT(YEAR($B10),"0000")&"-"&TEXT(SUMPRODUCT((YEAR($B$2:$B10)=YEAR($B10))*($B$2:$B10<>"")),"000")) | D10: =IFERROR(VLOOKUP($C10,商品マスタ範囲,4,FALSE),"") | E10: =IFERROR(VLOOKUP($C10,商品マスタ範囲,2,FALSE),"") | F10: =IFERROR(VLOOKUP($C10,商品マスタ範囲,3,FALSE),"") | G10: =IFERROR(VLOOKUP($C10,商品マスタ範囲,5,FALSE),"") | J10: =IFERROR(VLOOKUP($C10,商品マスタ範囲,6,FALSE),"")
A11: =IF($B11="","",TEXT(YEAR($B11),"0000")&"-"&TEXT(SUMPRODUCT((YEAR($B$2:$B11)=YEAR($B11))*($B$2:$B11<>"")),"000")) | D11: =IFERROR(VLOOKUP($C11,商品マスタ範囲,4,FALSE),"") | E11: =IFERROR(VLOOKUP($C11,商品マスタ範囲,2,FALSE),"") | F11: =IFERROR(VLOOKUP($C11,商品マスタ範囲,3,FALSE),"") | G11: =IFERROR(VLOOKUP($C11,商品マスタ範囲,5,FALSE),"") | J11: =IFERROR(VLOOKUP($C11,商品マスタ範囲,6,FALSE),"")
A12: =IF($B12="","",TEXT(YEAR($B12),"0000")&"-"&TEXT(SUMPRODUCT((YEAR($B$2:$B12)=YEAR($B12))*($B$2:$B12<>"")),"000")) | D12: =IFERROR(VLOOKUP($C12,商品マスタ範囲,4,FALSE),"") | E12: =IFERROR(VLOOKUP($C12,商品マスタ範囲,2,FALSE),"") | F12: =IFERROR(VLOOKUP($C12,商品マスタ範囲,3,FALSE),"") | G12: =IFERROR(VLOOKUP($C12,商品マスタ範囲,5,FALSE),"") | J12: =IFERROR(VLOOKUP($C12,商品マスタ範囲,6,FALSE),"")
A13: =IF($B13="","",TEXT(YEAR($B13),"0000")&"-"&TEXT(SUMPRODUCT((YEAR($B$2:$B13)=YEAR($B13))*($B$2:$B13<>"")),"000")) | D13: =IFERROR(VLOOKUP($C13,商品マスタ範囲,4,FALSE),"") | E13: =IFERROR(VLOOKUP($C13,商品マスタ範囲,2,FALSE),"") | F13: =IFERROR(VLOOKUP($C13,商品マスタ範囲,3,FALSE),"") | G13: =IFERROR(VLOOKUP($C13,商品マスタ範囲,5,FALSE),"") | J13: =IFERROR(VLOOKUP($C13,商品マスタ範囲,6,FALSE),"")
... A301: =IF($B301="","",TEXT(YEAR($B301),"0000")&"-"&TEXT(SUMPRODUCT((YEAR($B$2:$B301)=YEAR($B301))*($B$2:$B301<>"")),"000")) | D301: =IFERROR(VLOOKUP($C301,商品マスタ範囲,4,FALSE),"") | E301: =IFERROR(VLOOKUP($C301,商品マスタ範囲,2,FALSE),"") | F301: =IFERROR(VLOOKUP($C301,商品マスタ範囲,3,FALSE),"") | G301: =IFERROR(VLOOKUP($C301,商品マスタ範囲,5,FALSE),"") | J301: =IFERROR(VLOOKUP($C301,商品マスタ範囲,6,FALSE),"")

Sheet 仕入先マスタ
A1: 仕入先コード | B1: 仕入先名 | C1: 電話番号 | D1: 担当者 | E1: 備考
A2: S001 | B2: 〇〇青果株式会社 | C2: 03-1111-2222 | D2: 山田 | E2: サンプルデータ
A3: S002 | B3: △△食品卸 | C3: 03-2222-3333 | D3: 佐藤 | E3: サンプルデータ
A4: S003 | B4: □□水産 | C4: 03-3333-4444 | D4: 鈴木 | E4: サンプルデータ

Sheet 得意先マスタ
A1: 得意先コード | B1: 得意先名 | C1: 電話番号 | D1: 担当者 | E1: 備考
A2: C001 | B2: 株式会社サンプル商事 | C2: 03-4444-5555 | D2: 田中 | E2: サンプルデータ
A3: C002 | B3: 有限会社テスト物産 | C3: 03-5555-6666 | D3: 高橋 | E3: サンプルデータ
A4: C003 | B4: サンプルストア株式会社 | C4: 03-6666-7777 | D4: 伊藤 | E4: サンプルデータ

Sheet 商品マスタ
A1: 商品コード | B1: 商品名 | C1: 標準仕入先 | D1: 標準得意先 | E1: 標準荷姿 | F1: 現行仕入価格 | G1: 現行売価 | H1: 備考
A2: G001 | B2: 国産たまねぎ | C2: 〇〇青果株式会社 | D2: 株式会社サンプル商事 | E2: 10kg段ボール | F2: 800 | G2: 1200 | H2: サンプルデータ
A3: G002 | B3: 冷凍えび | C3: □□水産 | D3: サンプルストア株式会社 | E3: 発泡スチロール箱 | F3: 2500 | G3: 3400 | H3: サンプルデータ
A4: G003 | B4: パスタ乾麺 | C4: △△食品卸 | D4: 有限会社テスト物産 | E4: 5kgネット袋 | F4: 900 | G4: 1300 | H4: サンプルデータ

Sheet 荷姿マスタ
A1: 荷姿コード | B1: 荷姿名 | C1: 備考
A2: P001 | B2: 10kg段ボール | C2: サンプルデータ
A3: P002 | B3: 5kgネット袋 | C3: サンプルデータ
A4: P003 | B4: 発泡スチロール箱 | C4: サンプルデータ

Sheet 仕入変更カード
A1: 単価変更カード（仕入用）
A2: 管理番号
A3: 発行日 | B3: =IFERROR(INDEX(案件入力範囲,MATCH($B$2,管理番号リスト,0),2),"") | D3: 商品名 | E3: =IFERROR(INDEX(案件入力範囲,MATCH($B$2,管理番号リスト,0),3),"")
A4: 仕入先 | B4: =IFERROR(INDEX(案件入力範囲,MATCH($B$2,管理番号リスト,0),5),"") | D4: 荷姿 | E4: =IFERROR(INDEX(案件入力範囲,MATCH($B$2,管理番号リスト,0),4),"")
A5: 旧価格 | B5: =IFERROR(INDEX(案件入力範囲,MATCH($B$2,管理番号リスト,0),7),"") | C5: → | D5: 新価格 | E5: =IFERROR(INDEX(案件入力範囲,MATCH($B$2,管理番号リスト,0),8),"")
A6: 適用日 | B6: =IFERROR(INDEX(案件入力範囲,MATCH($B$2,管理番号リスト,0),9),"") | D6: 担当者 | E6: =IFERROR(INDEX(案件入力範囲,MATCH($B$2,管理番号リスト,0),16),"")
A7: 備考 | B7: =IFERROR(INDEX(案件入力範囲,MATCH($B$2,管理番号リスト,0),13),"")
A8: 確認欄 | D8: 発行担当：
A10: - - - - - - - - - - - - - - キリトリ線 - - - - - - - - - - - - - -
A11: 単価変更カード（仕入用）
A12: 管理番号 | B12: =$B$2
A13: 発行日 | B13: =IFERROR(INDEX(案件入力範囲,MATCH($B$12,管理番号リスト,0),2),"") | D13: 商品名 | E13: =IFERROR(INDEX(案件入力範囲,MATCH($B$12,管理番号リスト,0),3),"")
A14: 仕入先 | B14: =IFERROR(INDEX(案件入力範囲,MATCH($B$12,管理番号リスト,0),5),"") | D14: 荷姿 | E14: =IFERROR(INDEX(案件入力範囲,MATCH($B$12,管理番号リスト,0),4),"")
A15: 旧価格 | B15: =IFERROR(INDEX(案件入力範囲,MATCH($B$12,管理番号リスト,0),7),"") | C15: → | D15: 新価格 | E15: =IFERROR(INDEX(案件入力範囲,MATCH($B$12,管理番号リスト,0),8),"")
A16: 適用日 | B16: =IFERROR(INDEX(案件入力範囲,MATCH($B$12,管理番号リスト,0),9),"") | D16: 担当者 | E16: =IFERROR(INDEX(案件入力範囲,MATCH($B$12,管理番号リスト,0),16),"")
A17: 備考 | B17: =IFERROR(INDEX(案件入力範囲,MATCH($B$12,管理番号リスト,0),13),"")
A18: 確認欄 | D18: 発行担当：
A21: 使い方: ①上段の「管理番号」で案件を選択 → ②Ctrl+P で印刷（A4縦1枚に自動設定済み） ／ PDF化は印刷画面で「PDFに保存」を選択、またはファイル→エクスポート→PDF作成。

Sheet 得意先変更カード
A1: 単価変更カード（得意先用）
A2: 管理番号
A3: 発行日 | B3: =IFERROR(INDEX(案件入力範囲,MATCH($B$2,管理番号リスト,0),2),"") | D3: 商品名 | E3: =IFERROR(INDEX(案件入力範囲,MATCH($B$2,管理番号リスト,0),3),"")
A4: 得意先 | B4: =IFERROR(INDEX(案件入力範囲,MATCH($B$2,管理番号リスト,0),6),"") | D4: 荷姿 | E4: =IFERROR(INDEX(案件入力範囲,MATCH($B$2,管理番号リスト,0),4),"")
A5: 旧価格 | B5: =IFERROR(INDEX(案件入力範囲,MATCH($B$2,管理番号リスト,0),10),"") | C5: → | D5: 新価格 | E5: =IFERROR(INDEX(案件入力範囲,MATCH($B$2,管理番号リスト,0),11),"")
A6: 適用日 | B6: =IFERROR(INDEX(案件入力範囲,MATCH($B$2,管理番号リスト,0),12),"") | D6: 担当者 | E6: =IFERROR(INDEX(案件入力範囲,MATCH($B$2,管理番号リスト,0),16),"")
A7: 備考 | B7: =IFERROR(INDEX(案件入力範囲,MATCH($B$2,管理番号リスト,0),13),"")
A8: 確認欄 | D8: 発行担当：
A10: - - - - - - - - - - - - - - キリトリ線 - - - - - - - - - - - - - -
A11: 単価変更カード（得意先用）
A12: 管理番号 | B12: =$B$2
A13: 発行日 | B13: =IFERROR(INDEX(案件入力範囲,MATCH($B$12,管理番号リスト,0),2),"") | D13: 商品名 | E13: =IFERROR(INDEX(案件入力範囲,MATCH($B$12,管理番号リスト,0),3),"")
A14: 得意先 | B14: =IFERROR(INDEX(案件入力範囲,MATCH($B$12,管理番号リスト,0),6),"") | D14: 荷姿 | E14: =IFERROR(INDEX(案件入力範囲,MATCH($B$12,管理番号リスト,0),4),"")
A15: 旧価格 | B15: =IFERROR(INDEX(案件入力範囲,MATCH($B$12,管理番号リスト,0),10),"") | C15: → | D15: 新価格 | E15: =IFERROR(INDEX(案件入力範囲,MATCH($B$12,管理番号リスト,0),11),"")
A16: 適用日 | B16: =IFERROR(INDEX(案件入力範囲,MATCH($B$12,管理番号リスト,0),12),"") | D16: 担当者 | E16: =IFERROR(INDEX(案件入力範囲,MATCH($B$12,管理番号リスト,0),16),"")
A17: 備考 | B17: =IFERROR(INDEX(案件入力範囲,MATCH($B$12,管理番号リスト,0),13),"")
A18: 確認欄 | D18: 発行担当：
A21: 使い方: ①上段の「管理番号」で案件を選択 → ②Ctrl+P で印刷（A4縦1枚に自動設定済み） ／ PDF化は印刷画面で「PDFに保存」を選択、またはファイル→エクスポート→PDF作成。

Sheet 履歴一覧
A1: 管理番号 | B1: 記入日 | C1: 商品名 | D1: 荷姿 | E1: 仕入先 | F1: 得意先 | G1: 旧仕入値 | H1: 新仕入値 | I1: 仕入適用日 | J1: 旧売価 | K1: 新売価 | L1: 売価適用日 | M1: 備考 | N1: カード印刷済 | O1: 完了 | P1: 担当者
A2: =案件入力!A2 | B2: =案件入力!B2 | C2: =案件入力!C2 | D2: =案件入力!D2 | E2: =案件入力!E2 | F2: =案件入力!F2 | G2: =案件入力!G2 | H2: =案件入力!H2 | ... P2: =案件入力!P2
A3: =案件入力!A3 | B3: =案件入力!B3 | C3: =案件入力!C3 | D3: =案件入力!D3 | E3: =案件入力!E3 | F3: =案件入力!F3 | G3: =案件入力!G3 | H3: =案件入力!H3 | ... P3: =案件入力!P3
A4: =案件入力!A4 | B4: =案件入力!B4 | C4: =案件入力!C4 | D4: =案件入力!D4 | E4: =案件入力!E4 | F4: =案件入力!F4 | G4: =案件入力!G4 | H4: =案件入力!H4 | ... P4: =案件入力!P4
A5: =案件入力!A5 | B5: =案件入力!B5 | C5: =案件入力!C5 | D5: =案件入力!D5 | E5: =案件入力!E5 | F5: =案件入力!F5 | G5: =案件入力!G5 | H5: =案件入力!H5 | ... P5: =案件入力!P5
A6: =案件入力!A6 | B6: =案件入力!B6 | C6: =案件入力!C6 | D6: =案件入力!D6 | E6: =案件入力!E6 | F6: =案件入力!F6 | G6: =案件入力!G6 | H6: =案件入力!H6 | ... P6: =案件入力!P6
A7: =案件入力!A7 | B7: =案件入力!B7 | C7: =案件入力!C7 | D7: =案件入力!D7 | E7: =案件入力!E7 | F7: =案件入力!F7 | G7: =案件入力!G7 | H7: =案件入力!H7 | ... P7: =案件入力!P7
A8: =案件入力!A8 | B8: =案件入力!B8 | C8: =案件入力!C8 | D8: =案件入力!D8 | E8: =案件入力!E8 | F8: =案件入力!F8 | G8: =案件入力!G8 | H8: =案件入力!H8 | ... P8: =案件入力!P8
A9: =案件入力!A9 | B9: =案件入力!B9 | C9: =案件入力!C9 | D9: =案件入力!D9 | E9: =案件入力!E9 | F9: =案件入力!F9 | G9: =案件入力!G9 | H9: =案件入力!H9 | ... P9: =案件入力!P9
A10: =案件入力!A10 | B10: =案件入力!B10 | C10: =案件入力!C10 | D10: =案件入力!D10 | E10: =案件入力!E10 | F10: =案件入力!F10 | G10: =案件入力!G10 | H10: =案件入力!H10 | ... P10: =案件入力!P10
A11: =案件入力!A11 | B11: =案件入力!B11 | C11: =案件入力!C11 | D11: =案件入力!D11 | E11: =案件入力!E11 | F11: =案件入力!F11 | G11: =案件入力!G11 | H11: =案件入力!H11 | ... P11: =案件入力!P11
A12: =案件入力!A12 | B12: =案件入力!B12 | C12: =案件入力!C12 | D12: =案件入力!D12 | E12: =案件入力!E12 | F12: =案件入力!F12 | G12: =案件入力!G12 | H12: =案件入力!H12 | ... P12: =案件入力!P12
A13: =案件入力!A13 | B13: =案件入力!B13 | C13: =案件入力!C13 | D13: =案件入力!D13 | E13: =案件入力!E13 | F13: =案件入力!F13 | G13: =案件入力!G13 | H13: =案件入力!H13 | ... P13: =案件入力!P13
... A301: =案件入力!A301 | B301: =案件入力!B301 | C301: =案件入力!C301 | D301: =案件入力!D301 | E301: =案件入力!E301 | F301: =案件入力!F301 | G301: =案件入力!G301 | H301: =案件入力!H301 | ... P301: =案件入力!P301
A303: 検索方法: 各列の見出し右にある▼（オートフィルター）から「商品名」「仕入先」「得意先」「仕入適用日/売価適用日」などで絞り込みできます。

Sheet 未完了一覧
A1: 管理番号 | B1: 記入日 | C1: 商品名 | D1: 荷姿 | E1: 仕入先 | F1: 得意先 | G1: 旧仕入値 | H1: 新仕入値 | I1: 仕入適用日 | J1: 旧売価 | K1: 新売価 | L1: 売価適用日 | M1: 備考 | N1: カード印刷済 | O1: 完了 | P1: 担当者
A2: =IFERROR(FILTER(案件入力範囲,(案件入力!$O$2:$O$301<>"完了")*(案件入力!$A$2:$A$301<>"")),"（未完了の案件はありません）")
A304: ※ このシートは「完了」列が未記入の案件だけを自動抽出します（Excel 365 / Excel 2021以降のFILTER関数を使用）。
A305: ※ 古いバージョンのExcelでFILTER関数が使えない場合は、「履歴一覧」シートのオートフィルターで「完了」列≠完了を選択してください。
